,Edge_Count,Re(Mean_Frequency),Im(Mean_Frequency),Frequency_Variance,StDev_Contrast,Mean_Noise,StDev_Noise,Minimum_Intensity,Maximum_Intensity,Is_Healthy,Disease
Raspberry___healthy_image (326).JPG,417,0.2662399999999999,6.938893903907228e-18,1096.4732668964946,0.13013436179223667,0.5007754208792893,0.13013436179223667,0.19114901960784317,0.7290458823529412,False,Esca_(Black_Measles)
Raspberry___healthy_image (263).JPG,626,0.1439764705882352,5.204170427930421e-18,1168.1585623040926,0.22215770119917072,0.48563976169960177,0.22215770119917072,0.07564941176470588,0.7632239215686275,False,Esca_(Black_Measles)
Raspberry___healthy_image (371).JPG,384,0.4931254901960783,6.938893903907228e-18,995.811278534139,0.14131761414382082,0.47244755074295347,0.14131761414382082,0.08929529411764706,0.7086047058823529,False,Esca_(Black_Measles)
Raspberry___healthy_image (234).JPG,324,0.5633564705882353,6.938893903907228e-18,1855.9277823141283,0.15764275122769167,0.6544720121974571,0.15764275122769167,0.18246745098039213,0.8951811764705881,False,Esca_(Black_Measles)
Raspberry___healthy_image (367).JPG,365,0.38751019607843123,-2.0816681711721685e-17,1182.294354577782,0.1736681087890431,0.5084507171989889,0.1736681087890431,0.09099254901960784,0.7668627450980393,False,Esca_(Black_Measles)
Raspberry___healthy_image (222).JPG,297,0.43930980392156843,1.5612511283791264e-17,1308.3507690570614,0.18093023007184122,0.5354745033892463,0.18093023007184122,0.09434156862745098,0.8047250980392158,False,Esca_(Black_Measles)
Raspberry___healthy_image (330).JPG,527,0.3609074509803922,-2.7755575615628914e-17,1108.094647874775,0.14566365790725172,0.49934438916973045,0.14566365790725172,0.11257176470588234,0.7898564705882354,False,Esca_(Black_Measles)
Raspberry___healthy_image (275).JPG,755,0.4799094117647059,-2.0816681711721685e-17,1261.9893517946985,0.1890728894694754,0.5219296315870098,0.1890728894694754,0.11066941176470589,0.7654788235294118,False,Esca_(Black_Measles)
Raspberry___healthy_image (71).JPG,564,0.3810290196078432,5.551115123125783e-17,978.6740959057283,0.1702881770695721,0.45822645852481614,0.1702881770695721,0.06188196078431373,0.7433858823529411,False,Esca_(Black_Measles)
Raspberry___healthy_image (127).JPG,656,0.3776949019607843,1.214306433183765e-17,1208.1633014139393,0.1435427865569101,0.5238244357000612,0.1435427865569101,0.1621156862745098,0.7985329411764706,False,Esca_(Black_Measles)
Raspberry___healthy_image (259).JPG,390,0.37207764705882346,8.673617379884035e-18,1040.7571014921314,0.19911418014983095,0.4631181617647059,0.19911418014983095,0.08204823529411764,0.7189705882352941,False,Esca_(Black_Measles)
Raspberry___healthy_image (26).JPG,249,0.5002980392156863,-6.071532165918825e-18,1328.7700028729812,0.1397883048153871,0.5522020253140318,0.1397883048153871,0.11140392156862744,0.749792549019608,False,Esca_(Black_Measles)
Raspberry___healthy_image (170).JPG,335,0.3908443137254902,-6.938893903907228e-18,1071.9079529711983,0.12888106716230677,0.49509922526041666,0.12888106716230677,0.12156235294117647,0.7590721568627451,False,Esca_(Black_Measles)
Raspberry___healthy_image (5).JPG,246,0.45548,-1.734723475976807e-18,1592.1487124101989,0.13771966096786953,0.6081053581686581,0.13771966096786953,0.1733470588235294,0.8105882352941177,False,Esca_(Black_Measles)
Raspberry___healthy_image (189).JPG,373,0.4485360784313725,2.0816681711721685e-17,1241.507422221133,0.16706690052706455,0.5246333634918812,0.16706690052706455,0.08511372549019608,0.749792549019608,False,Esca_(Black_Measles)
Raspberry___healthy_image (30).JPG,471,0.40204274509803944,4.163336342344337e-17,1040.2009867627805,0.19535843347787385,0.4645749282896752,0.19535843347787385,0.08816431372549019,0.7884427450980392,False,Esca_(Black_Measles)
Raspberry___healthy_image (166).JPG,442,0.34936588235294097,-5.377642775528102e-17,1154.3968663501591,0.20142037937022778,0.49121767290900736,0.20142037937022778,0.09152823529411766,0.7825490196078432,False,Esca_(Black_Measles)
Raspberry___healthy_image (218).JPG,567,0.34885450980392146,1.0408340855860843e-17,1183.29397771921,0.1389984469692098,0.5192295010914522,0.1389984469692098,0.14112392156862746,0.7279447058823529,False,Esca_(Black_Measles)
Raspberry___healthy_image (67).JPG,565,0.2795741176470588,-6.938893903907228e-18,1239.6803257217514,0.19716959480360619,0.5136142159734988,0.19716959480360619,0.07819490196078432,0.7601356862745099,False,Esca_(Black_Measles)
Raspberry___healthy_image (131).JPG,694,0.24602980392156887,0.0,1194.9019118307604,0.1592011655939655,0.5161335742187501,0.1592011655939655,0.09416470588235294,0.7341062745098039,False,Esca_(Black_Measles)
Raspberry___healthy_image (88).JPG,260,0.4048349019607845,-1.3877787807814457e-17,1278.833461955113,0.140744096172121,0.5407830550130208,0.140744096172121,0.12848980392156864,0.7872890196078431,False,Esca_(Black_Measles)
Raspberry___healthy_image (146).JPG,493,0.5510780392156861,-4.163336342344337e-17,1207.8896953187602,0.13436004919026873,0.5262285289330577,0.13436004919026873,0.06799725490196079,0.7279447058823529,False,Esca_(Black_Measles)
Raspberry___healthy_image (10).JPG,487,0.2992572549019608,-1.3877787807814457e-17,1010.1437818937354,0.1389184219125956,0.47680254854090076,0.1389184219125956,0.11769411764705884,0.6783333333333333,False,Esca_(Black_Measles)
Raspberry___healthy_image (280).JPG,628,0.13140823529411746,-6.938893903907228e-18,992.4267510431997,0.18575607303214112,0.4558405252374388,0.18575607303214112,0.09773529411764706,0.7248941176470589,False,Esca_(Black_Measles)
Raspberry___healthy_image (111).JPG,441,0.36876078431372583,7.806255641895632e-18,1043.7449742478861,0.10786316915797542,0.4931726740579043,0.10786316915797542,0.11929176470588236,0.6631976470588236,False,Esca_(Black_Measles)
Raspberry___healthy_image (47).JPG,344,0.34210392156862746,0.0,1061.7886147943511,0.13030623107152978,0.49221397298177083,0.13030623107152978,0.1086886274509804,0.7483858823529412,False,Esca_(Black_Measles)
Raspberry___healthy_image (238).JPG,604,0.40732627450980396,-1.3877787807814457e-17,1103.9982784963895,0.221468895781102,0.46959862055759805,0.221468895781102,0.09217686274509804,0.7545850980392157,False,Esca_(Black_Measles)
Raspberry___healthy_image (107).JPG,521,0.4653831372549021,4.163336342344337e-17,1193.9025630671958,0.181522245688288,0.5085102443321079,0.181522245688288,0.10664901960784315,0.7427827450980393,False,Esca_(Black_Measles)
Raspberry___healthy_image (51).JPG,643,0.37268156862745105,-6.938893903907228e-18,929.0010347598136,0.14668797281223894,0.4531262969132966,0.14668797281223894,0.10531686274509802,0.71618,False,Esca_(Black_Measles)
Raspberry___healthy_image (150).JPG,330,0.0960301960784313,-1.3877787807814457e-17,1333.2051908241922,0.21385747835130278,0.52892038995481,0.21385747835130278,0.07642235294117647,0.7629411764705882,False,Esca_(Black_Measles)
Raspberry___healthy_image (296).JPG,700,0.2802070588235294,-6.938893903907228e-18,1026.101288316478,0.14425207865148384,0.47929481177236516,0.14425207865148384,0.08231529411764706,0.7904596078431372,False,Esca_(Black_Measles)
Raspberry___healthy_image (279).JPG,736,0.4026019607843139,1.3877787807814457e-17,1183.5611172928427,0.19413398875084115,0.5013052140778187,0.19413398875084115,0.1015886274509804,0.81698,False,Esca_(Black_Measles)
Raspberry___healthy_image (92).JPG,633,0.331193725490196,-1.3877787807814457e-17,810.7439546817668,0.1281654205312325,0.4260703467754289,0.1281654205312325,0.11186078431372551,0.6643286274509804,False,Esca_(Black_Measles)
Raspberry___healthy_image (202).JPG,363,0.4488862745098039,-1.8214596497756474e-17,1423.5878536366165,0.18123916698747172,0.5610322510723039,0.18123916698747172,0.10078509803921569,0.8360670588235294,False,Esca_(Black_Measles)
Raspberry___healthy_image (347).JPG,665,0.2793211764705883,-4.163336342344337e-17,1334.6880069530996,0.19156093345713165,0.5377499613204657,0.19156093345713165,0.09441686274509804,0.8200980392156862,False,Esca_(Black_Measles)
Raspberry___healthy_image (193).JPG,562,0.37737450980392134,2.862293735361732e-17,1253.5457675982855,0.16981085655016648,0.5265363127106311,0.16981085655016648,0.12852588235294118,0.7917917647058823,False,Esca_(Black_Measles)
Raspberry___healthy_image (9).JPG,527,0.3367905882352941,-1.3877787807814457e-17,984.6493529442732,0.11436537354604545,0.47680306429993874,0.11436537354604545,0.08904235294117648,0.6699545098039216,False,Esca_(Black_Measles)
Raspberry___healthy_image (255).JPG,522,0.5037435294117647,-1.734723475976807e-18,938.7646163520571,0.10644100244231147,0.46682207069546566,0.10644100244231147,0.13188901960784313,0.690127843137255,False,Esca_(Black_Measles)
Raspberry___healthy_image (310).JPG,644,0.5577611764705883,1.3877787807814457e-17,839.7520009675676,0.14224806128815487,0.42995234499463847,0.14224806128815487,0.07587098039215687,0.7578917647058824,False,Esca_(Black_Measles)
Raspberry___healthy_image (185).JPG,595,0.4420862745098039,-6.938893903907228e-18,837.0046390933609,0.12328598747015906,0.4349656491268382,0.12328598747015906,0.1111956862745098,0.6724349019607843,False,Esca_(Black_Measles)
Raspberry___healthy_image (243).JPG,501,0.41996901960784316,0.0,1161.2963293296752,0.1921549127016161,0.49662778942631747,0.1921549127016161,0.0881572549019608,0.8260066666666668,False,Esca_(Black_Measles)
Raspberry___healthy_image (306).JPG,668,0.37374431372549033,3.469446951953614e-18,1191.3681235759911,0.17488236346920413,0.5102074283854167,0.17488236346920413,0.14948862745098043,0.7705541176470587,False,Esca_(Black_Measles)
Raspberry___healthy_image (84).JPG,523,0.2950607843137254,-1.0408340855860843e-17,791.682555801122,0.11032699130445311,0.4255949765433517,0.11032699130445311,0.07054274509803922,0.6167341176470588,False,Esca_(Black_Measles)
Raspberry___healthy_image (214).JPG,533,0.20175294117647077,-3.642919299551295e-17,1238.6294435582652,0.20058083836697352,0.5120322561465993,0.20058083836697352,0.10479764705882352,0.749792549019608,False,Esca_(Black_Measles)
Raspberry___healthy_image (351).JPG,380,0.2925215686274509,-1.9081958235744878e-17,995.0783349967805,0.13844725276342176,0.47306690400965073,0.13844725276342176,0.11983450980392159,0.69684,False,Esca_(Black_Measles)
Raspberry___healthy_image (215).JPG,562,0.41832745098039203,-2.0816681711721685e-17,1086.8481300544595,0.1226298812151048,0.5003482967601103,0.1226298812151048,0.1055321568627451,0.6801396078431373,False,Esca_(Black_Measles)
Raspberry___healthy_image (350).JPG,567,0.5477603921568627,1.3877787807814457e-17,985.1250253212014,0.11410929573846523,0.47703391946231616,0.11410929573846523,0.16299450980392158,0.7206670588235294,False,Esca_(Black_Measles)
Raspberry___healthy_image (85).JPG,821,0.31213803921568634,2.7755575615628914e-17,1111.5593760086263,0.16296162816517104,0.49481723412607237,0.16296162816517104,0.12834274509803925,0.7332650980392157,False,Esca_(Black_Measles)
Raspberry___healthy_image (242).JPG,645,0.23028235294117663,2.0816681711721685e-17,1218.5712956365664,0.22699542768362505,0.4959725600298714,0.22699542768362505,0.09347764705882354,0.8024254901960785,False,Esca_(Black_Measles)
Raspberry___healthy_image (307).JPG,568,0.2214054901960784,-1.9949319973733282e-17,930.3114360037966,0.12206281049464886,0.4606945339307599,0.12206281049464886,0.13465686274509805,0.7130917647058823,False,Esca_(Black_Measles)
Raspberry___healthy_image (184).JPG,516,0.25246549019607833,1.3877787807814457e-17,1011.1149545110821,0.14827896255578688,0.47421845961626835,0.14827896255578688,0.08371411764705883,0.7326996078431374,False,Esca_(Black_Measles)
Raspberry___healthy_image (254).JPG,792,0.5286482352941178,-1.734723475976807e-18,1092.9041406914118,0.17425859176289452,0.4863378176700368,0.17425859176289452,0.08598470588235295,0.8377862745098039,False,Esca_(Black_Measles)
Raspberry___healthy_image (311).JPG,385,0.36283411764705875,-1.3877787807814457e-17,1408.6180465938905,0.18256867411448532,0.5573165261182599,0.18256867411448532,0.11560823529411765,0.8007501960784313,False,Esca_(Black_Measles)
Raspberry___healthy_image (192).JPG,483,0.4547196078431371,-1.3877787807814457e-17,1205.468069807937,0.19086272451095213,0.5078637901156557,0.19086272451095213,0.07589450980392157,0.7887482352941175,False,Esca_(Black_Measles)
Raspberry___healthy_image (8).JPG,602,0.22497686274509782,-6.938893903907228e-17,1212.6072177233566,0.20504152551267824,0.5040010058593751,0.20504152551267824,0.10452274509803923,0.8088690196078432,False,Esca_(Black_Measles)
Raspberry___healthy_image (203).JPG,343,0.37629058823529393,-5.204170427930421e-18,1408.2358603078749,0.11786278430197254,0.5744131928806679,0.11786278430197254,0.15823333333333334,0.7862780392156862,False,Esca_(Black_Measles)
Raspberry___healthy_image (346).JPG,736,0.33871803921568633,-2.0816681711721685e-17,1211.0166872825491,0.1836750980833068,0.5118103550091913,0.1836750980833068,0.11757333333333334,0.7766780392156862,False,Esca_(Black_Measles)
Raspberry___healthy_image (93).JPG,394,0.6012399999999999,-5.204170427930421e-18,2358.0291496498276,0.177410850078046,0.7377698522709865,0.177410850078046,0.18114392156862746,0.9671760784313725,False,Esca_(Black_Measles)
Raspberry___healthy_image (297).JPG,684,0.2847325490196078,1.734723475976807e-17,777.2519881034673,0.12309999564684455,0.41788152669270834,0.12309999564684455,0.09747450980392157,0.7209215686274509,False,Esca_(Black_Measles)
Raspberry___healthy_image (278).JPG,640,0.3958670588235297,6.938893903907228e-18,1191.5544107624314,0.18102298918143223,0.5081100032552084,0.18102298918143223,0.09967686274509804,0.744136862745098,False,Esca_(Black_Measles)
Raspberry___healthy_image (151).JPG,725,0.2964517647058824,2.7755575615628914e-17,1039.2725599400878,0.16882720806678939,0.4746024463848039,0.16882720806678939,0.07736941176470588,0.7394572549019609,False,Esca_(Black_Measles)
Raspberry___healthy_image (106).JPG,547,0.2539176470588237,1.3877787807814457e-17,1157.2903853571606,0.1875196185175716,0.49738690314797795,0.1875196185175716,0.07331137254901962,0.7725043137254902,False,Esca_(Black_Measles)
Raspberry___healthy_image (50).JPG,474,0.35949372549019604,2.42861286636753e-17,1083.6853058509944,0.14834152025580855,0.49254233618642773,0.14834152025580855,0.10397215686274511,0.7428203921568628,False,Esca_(Black_Measles)
Raspberry___healthy_image (239).JPG,732,0.5154854901960785,-2.0816681711721685e-17,1216.8670714541477,0.2053485982816437,0.504958923962163,0.2053485982816437,0.08969254901960784,0.8568435294117647,False,Esca_(Black_Measles)
Raspberry___healthy_image (110).JPG,775,0.2787925490196078,0.0,878.8766975473619,0.17270229527377273,0.42983996945848657,0.17270229527377273,0.08262078431372549,0.7310556862745098,False,Esca_(Black_Measles)
Raspberry___healthy_image (46).JPG,585,0.43203843137254916,-1.734723475976807e-17,1100.1092273651213,0.16802517324663824,0.49030038354013483,0.16802517324663824,0.0938592156862745,0.7119607843137254,False,Esca_(Black_Measles)
Raspberry___healthy_image (281).JPG,320,0.4777603921568627,0.0,1668.0525026980636,0.1592507309552221,0.6180083426202513,0.1592507309552221,0.1697843137254902,0.8444984313725491,False,Esca_(Black_Measles)
Raspberry___healthy_image (147).JPG,719,0.28744000000000003,0.0,1078.0073180391464,0.17285595439929669,0.48303868451286763,0.17285595439929669,0.05942039215686275,0.7654788235294118,False,Esca_(Black_Measles)
Raspberry___healthy_image (11).JPG,721,0.45164627450980394,5.0306980803327406e-17,1176.1220965950317,0.15984088211602462,0.511507455480239,0.15984088211602462,0.09047960784313724,0.786523137254902,False,Esca_(Black_Measles)
Raspberry___healthy_image (66).JPG,701,0.2524725490196077,-6.938893903907228e-18,1029.940701962685,0.14821534270982933,0.47905964240579046,0.14821534270982933,0.12494901960784313,0.7725184313725489,False,Esca_(Black_Measles)
Raspberry___healthy_image (130).JPG,500,0.3630949019607842,-2.7755575615628914e-17,961.6424742579493,0.16401784572210246,0.4559674637140012,0.16401784572210246,0.09357490196078432,0.8013760784313726,False,Esca_(Black_Measles)
Raspberry___healthy_image (89).JPG,445,0.40964078431372575,3.469446951953614e-17,1284.1963049293313,0.17545602799165871,0.5317712279794731,0.17545602799165871,0.10166392156862745,0.8046796078431373,False,Esca_(Black_Measles)
Raspberry___healthy_image (219).JPG,386,0.39781647058823516,6.938893903907228e-18,1247.4428998502397,0.21023015908990136,0.5102875724762561,0.21023015908990136,0.09630588235294119,0.8046945098039215,False,Esca_(Black_Measles)
Raspberry___healthy_image (188).JPG,657,0.49701647058823556,2.42861286636753e-17,1336.7270886045187,0.19492904432089111,0.5370403741574755,0.19492904432089111,0.09323254901960784,0.7979674509803921,False,Esca_(Black_Measles)
Raspberry___healthy_image (31).JPG,608,0.3757015686274509,-1.5612511283791264e-17,1266.9651065143557,0.18685927353070528,0.5238661333869485,0.18685927353070528,0.10328509803921569,0.8117043137254902,False,Esca_(Black_Measles)
Raspberry___healthy_image (167).JPG,380,0.4004066666666664,2.42861286636753e-17,1062.2438320619688,0.20665167824113315,0.4654794290939032,0.20665167824113315,0.07755333333333332,0.7425454901960785,False,Esca_(Black_Measles)
Raspberry___healthy_image (27).JPG,361,0.1710905882352939,0.0,1378.1529469101513,0.20026601149518425,0.5443930500344669,0.20026601149518425,0.08201764705882353,0.7525603921568629,False,Esca_(Black_Measles)
Raspberry___healthy_image (171).JPG,497,0.31804509803921566,-7.806255641895632e-18,942.670421722623,0.15877587782332883,0.45272404622395834,0.15877587782332883,0.09868941176470589,0.7459086274509804,False,Esca_(Black_Measles)
Raspberry___healthy_image (4).JPG,576,0.4731815686274513,0.0,1364.8461806488426,0.18973250828120924,0.5452253095320159,0.18973250828120924,0.10270470588235295,0.7968215686274509,False,Esca_(Black_Measles)
Raspberry___healthy_image (258).JPG,227,0.48967921568627465,3.469446951953614e-18,1358.0715399815758,0.13086559989755717,0.5607969068818934,0.13086559989755717,0.18171725490196078,0.7676811764705882,False,Esca_(Black_Measles)
Raspberry___healthy_image (70).JPG,587,0.49456901960784333,-1.734723475976807e-17,1279.1658931656984,0.17048441715941398,0.5322510127527573,0.17048441715941398,0.11815372549019608,0.7940764705882353,False,Esca_(Black_Measles)
Raspberry___healthy_image (126).JPG,448,0.34124862745098045,2.7755575615628914e-17,1220.3395520735967,0.20466627914541655,0.5060381462545956,0.20466627914541655,0.0901364705882353,0.7904447058823528,False,Esca_(Black_Measles)
Raspberry___healthy_image (331).JPG,527,0.4387356862745095,3.469446951953614e-18,1078.2284483082778,0.11790889195184676,0.49938347474341294,0.11790889195184676,0.12323607843137253,0.7321717647058824,False,Esca_(Black_Measles)
Raspberry___healthy_image (274).JPG,465,0.5469027450980393,-1.0408340855860843e-17,1505.646748061767,0.1791659040008858,0.5792772566253064,0.1791659040008858,0.13968823529411767,0.8725,False,Esca_(Black_Measles)
Raspberry___healthy_image (366).JPG,414,0.32164627450980376,2.7755575615628914e-17,1071.5126311248662,0.14599832593008075,0.4902137392769608,0.14599832593008075,0.08259098039215686,0.7363760784313726,False,Esca_(Black_Measles)
Raspberry___healthy_image (223).JPG,475,0.38810627450980384,0.0,1310.8028998281488,0.16539492097770764,0.5410189769071692,0.16539492097770764,0.13443529411764707,0.801941568627451,False,Esca_(Black_Measles)
Raspberry___healthy_image (370).JPG,254,0.4877235294117648,6.938893903907228e-18,1526.4908077476268,0.13937900745079035,0.5943988449754902,0.13937900745079035,0.149741568627451,0.8035109803921568,False,Esca_(Black_Measles)
Raspberry___healthy_image (235).JPG,607,0.642138039215686,-1.3877787807814457e-17,1955.3585919170532,0.19701320421517368,0.6623208703852634,0.19701320421517368,0.1215929411764706,0.919290980392157,False,Esca_(Black_Measles)
Raspberry___healthy_image (327).JPG,739,0.3787960784313727,6.938893903907228e-18,888.2708760521227,0.13833123658267985,0.44470496591605396,0.13833123658267985,0.08768117647058825,0.7380647058823528,False,Esca_(Black_Measles)
Raspberry___healthy_image (262).JPG,649,0.43652000000000013,-6.071532165918825e-18,953.5593614253672,0.12637681308221418,0.4657016217639399,0.12637681308221418,0.11427607843137254,0.736455294117647,False,Esca_(Black_Measles)
Raspberry___healthy_image (140).JPG,509,0.39336000000000026,3.469446951953614e-18,1162.451431986276,0.11467281925035697,0.5202783294079351,0.11467281925035697,0.1248870588235294,0.7089023529411765,False,Esca_(Black_Measles)
Raspberry___healthy_image (16).JPG,268,0.4964000000000003,-1.3877787807814457e-17,1492.607233036898,0.14907258702191337,0.5850158852251839,0.14907258702191337,0.14165333333333335,0.8072400000000001,False,Esca_(Black_Measles)
Raspberry___healthy_image (286).JPG,619,0.3387470588235295,0.0,926.2256406499342,0.16090208033496275,0.44751295218673404,0.16090208033496275,0.06244745098039216,0.6932160784313726,False,Esca_(Black_Measles)
Raspberry___healthy_image (269).JPG,263,0.3269752941176472,6.938893903907228e-18,1285.0458296005907,0.1585865248759481,0.5372227730545343,0.1585865248759481,0.10188627450980392,0.7550980392156863,False,Esca_(Black_Measles)
Raspberry___healthy_image (117).JPG,722,0.40318235294117655,-2.42861286636753e-17,990.2490322862652,0.1284520078934286,0.474657545860141,0.1284520078934286,0.09742823529411765,0.7529105882352942,False,Esca_(Black_Measles)
Raspberry___healthy_image (41).JPG,681,0.4440874509803925,-1.3877787807814457e-17,1240.1496877824036,0.19287045460266813,0.5153834062882966,0.19287045460266813,0.12458235294117648,0.7915309803921569,False,Esca_(Black_Measles)
Raspberry___healthy_image (101).JPG,352,0.3270058823529412,2.0816681711721685e-17,1237.8607847716178,0.17898292839719793,0.5198108537262561,0.17898292839719793,0.10247450980392156,0.801338431372549,False,Esca_(Black_Measles)
Raspberry___healthy_image (57).JPG,508,0.3900196078431371,-8.239936510889834e-18,1236.7681594298097,0.15419414876550794,0.5274529869408701,0.15419414876550794,0.11731176470588234,0.790995294117647,False,Esca_(Black_Measles)
Raspberry___healthy_image (228).JPG,773,0.22586274509803933,3.469446951953614e-17,863.642121071781,0.16796250545773264,0.4273770917585784,0.16796250545773264,0.06276862745098039,0.7397094117647058,False,Esca_(Black_Measles)
Raspberry___healthy_image (156).JPG,459,0.46227215686274514,-4.336808689942018e-18,1312.6370948748593,0.18755073093661742,0.5341768769148285,0.18755073093661742,0.09769686274509803,0.8007580392156862,False,Esca_(Black_Measles)
Raspberry___healthy_image (290).JPG,250,0.45554666666666677,-3.469446951953614e-18,1401.1570983005533,0.138590182027667,0.5682629636757046,0.138590182027667,0.13746392156862744,0.7850866666666667,False,Esca_(Black_Measles)
Raspberry___healthy_image (94).JPG,541,0.4432384313725491,2.2551405187698492e-17,1464.541816043845,0.1836026457521005,0.5691152666398591,0.1836026457521005,0.06975568627450981,0.7878545098039216,False,Esca_(Black_Measles)
Raspberry___healthy_image (204).JPG,562,0.29253098039215697,1.3877787807814457e-17,1050.6398956288026,0.14151054867018303,0.48631218118106617,0.14151054867018303,0.06833333333333334,0.731866274509804,False,Esca_(Black_Measles)
Raspberry___healthy_image (341).JPG,602,0.5177631372549023,-4.163336342344337e-17,1299.3185053091909,0.15531073624129543,0.5414429388786766,0.15531073624129543,0.09745882352941176,0.8080733333333333,False,Esca_(Black_Measles)
Raspberry___healthy_image (195).JPG,475,0.3930835294117646,-1.3877787807814457e-17,1155.6303825557077,0.15301462652754275,0.5086851395909926,0.15301462652754275,0.07139176470588235,0.7279447058823529,False,Esca_(Black_Measles)
Raspberry___healthy_image (253).JPG,589,0.4724086274509805,-2.7755575615628914e-17,1234.7077599637712,0.14353667122105243,0.5299943707873775,0.14353667122105243,0.1442121568627451,0.7598984313725491,False,Esca_(Black_Measles)
Raspberry___healthy_image (316).JPG,620,0.35534509803921566,1.214306433183765e-17,935.7825109450994,0.12018336500472687,0.46265463742723656,0.12018336500472687,0.13468745098039217,0.6867976470588235,False,Esca_(Black_Measles)
Raspberry___healthy_image (183).JPG,662,0.36145960784313724,-6.938893903907228e-18,1203.060902093946,0.23157295660518423,0.490022350547641,0.23157295660518423,0.07980823529411764,0.8086309803921569,False,Esca_(Black_Measles)
Raspberry___healthy_image (245).JPG,520,0.35221058823529416,1.3877787807814457e-17,1239.9222112397322,0.19698395522996343,0.5137538235294118,0.19698395522996343,0.1010678431372549,0.7848188235294118,False,Esca_(Black_Measles)
Raspberry___healthy_image (300).JPG,478,0.35359294117647033,-1.0408340855860843e-17,1251.1642019307985,0.179483496007387,0.5227582704312194,0.179483496007387,0.08733098039215685,0.8201356862745098,False,Esca_(Black_Measles)
Raspberry___healthy_image (82).JPG,393,0.3454678431372551,-1.734723475976807e-18,1524.9068934731104,0.17398377086504446,0.5848508418543199,0.17398377086504446,0.06617019607843137,0.8055207843137255,False,Esca_(Black_Measles)
Raspberry___healthy_image (212).JPG,364,0.46477999999999986,-1.3877787807814457e-17,1178.6250257173056,0.18211278568795006,0.5046166099877452,0.18211278568795006,0.09992980392156862,0.741949411764706,False,Esca_(Black_Measles)
Raspberry___healthy_image (357).JPG,518,0.5031333333333337,2.0816681711721685e-17,1333.158800849565,0.19381201960728295,0.5366348166551778,0.19381201960728295,0.12036313725490196,0.8517384313725491,False,Esca_(Black_Measles)
Raspberry___healthy_image (320).JPG,378,0.3687443137254903,-6.938893903907228e-18,1463.0713078305266,0.17205504760744986,0.5723857095396754,0.17205504760744986,0.09997450980392156,0.8123003921568628,False,Esca_(Black_Measles)
Raspberry___healthy_image (265).JPG,771,0.4788003921568626,-5.551115123125783e-17,1050.2803481918602,0.1758544984704842,0.4749181668390013,0.1758544984704842,0.06944941176470588,0.7845156862745098,False,Esca_(Black_Measles)
Raspberry___healthy_image (232).JPG,528,0.3605713725490196,-1.0408340855860843e-17,1125.2624902323844,0.1654752383997576,0.49736503121170345,0.1654752383997576,0.08795686274509804,0.7946113725490195,False,Esca_(Black_Measles)
Raspberry___healthy_image (361).JPG,476,0.5219298039215686,-1.734723475976807e-17,960.6195679106647,0.16132572485118984,0.4566911196001838,0.16132572485118984,0.09550941176470588,0.7428203921568628,False,Esca_(Black_Measles)
Raspberry___healthy_image (224).JPG,668,0.3415447058823529,-2.7755575615628914e-17,871.3860899285024,0.14235812179995166,0.4387520819929534,0.14235812179995166,0.11564509803921569,0.7209349019607844,False,Esca_(Black_Measles)
Raspberry___healthy_image (336).JPG,451,0.533144705882353,6.938893903907228e-18,1577.6006156926967,0.17821391798501993,0.5945297259880515,0.17821391798501993,0.11781843137254902,0.8626470588235294,False,Esca_(Black_Measles)
Raspberry___healthy_image (273).JPG,385,0.48743921568627435,-6.938893903907228e-18,1188.9405260799954,0.16253529646111897,0.5137207097311581,0.16253529646111897,0.16324745098039214,0.7256600000000001,False,Esca_(Black_Measles)
Raspberry___healthy_image (208).JPG,350,0.3919533333333333,0.0,1302.5978971073941,0.16824850685390721,0.5382815354051778,0.16824850685390721,0.09432588235294118,0.7433333333333334,False,Esca_(Black_Measles)
Raspberry___healthy_image (77).JPG,341,0.38439999999999985,-1.3877787807814457e-17,1436.8968017658256,0.15844763945197202,0.5707322523169424,0.15844763945197202,0.10327803921568628,0.7486388235294118,False,Esca_(Black_Measles)
Raspberry___healthy_image (98).JPG,298,0.5656184313725491,-3.469446951953614e-18,1659.3446075533802,0.14450581746391175,0.6199270963541668,0.14450581746391175,0.20074549019607846,0.823736862745098,False,Esca_(Black_Measles)
Raspberry___healthy_image (121).JPG,485,0.2989807843137255,1.3877787807814457e-17,1021.9266231857828,0.1453413960381879,0.47790323988970584,0.1453413960381879,0.17537960784313728,0.7430733333333334,False,Esca_(Black_Measles)
Raspberry___healthy_image (20).JPG,572,0.368370588235294,-4.163336342344337e-17,1178.590097898672,0.21150780431761118,0.4929901631433824,0.21150780431761118,0.09463843137254903,0.8601996078431372,False,Esca_(Black_Measles)
Raspberry___healthy_image (199).JPG,328,0.47321921568627473,-3.469446951953614e-17,1460.585271851332,0.166782173297607,0.5734340239162071,0.166782173297607,0.15453333333333333,0.8293250980392157,False,Esca_(Black_Measles)
Raspberry___healthy_image (176).JPG,618,0.4653478431372545,1.3877787807814457e-17,1188.2313044961113,0.18574139970204842,0.505616983570772,0.18574139970204842,0.07118509803921569,0.7593172549019608,False,Esca_(Black_Measles)
Raspberry___healthy_image (3).JPG,252,0.4269796078431377,-2.42861286636753e-17,1384.3742074353831,0.14562285513628972,0.5628680822035845,0.14562285513628972,0.10327803921568628,0.7811650980392156,False,Esca_(Black_Measles)
Raspberry___healthy_image (249).JPG,526,0.28104039215686266,-1.9949319973733282e-17,1141.2792610742638,0.1717598019690632,0.49914976275275735,0.1717598019690632,0.13883921568627453,0.7511764705882353,False,Esca_(Black_Measles)
Raspberry___healthy_image (36).JPG,642,0.42278862745098034,1.3877787807814457e-17,1310.8984952819058,0.1816515435002654,0.5358077405981925,0.1816515435002654,0.08399764705882352,0.7929298039215685,False,Esca_(Black_Measles)
Raspberry___healthy_image (160).JPG,473,0.5208145098039216,-6.938893903907228e-18,1450.9837807624483,0.15566550756465694,0.5745246378102022,0.15566550756465694,0.2288270588235294,0.8453466666666667,False,Esca_(Black_Measles)
Raspberry___healthy_image (61).JPG,424,0.5434360784313728,-2.2551405187698492e-17,1372.001139711364,0.1626067305428357,0.5555109064797794,0.1626067305428357,0.05432941176470588,0.781187843137255,False,Esca_(Black_Measles)
Raspberry___healthy_image (137).JPG,474,0.32393960784313713,5.551115123125783e-17,898.0512061844234,0.16230393661488118,0.4392423411649816,0.16230393661488118,0.06271529411764706,0.7117454901960785,False,Esca_(Black_Measles)
Raspberry___healthy_image (60).JPG,502,0.6029207843137254,-3.8163916471489756e-17,1498.9540645513796,0.17670894445763197,0.578634841260723,0.17670894445763197,0.1041035294117647,0.8377486274509804,False,Esca_(Black_Measles)
Raspberry___healthy_image (136).JPG,282,0.4238686274509801,-1.3877787807814457e-17,1272.41246807179,0.16820856778535645,0.5314106852213543,0.16820856778535645,0.12403176470588236,0.7892760784313725,False,Esca_(Black_Measles)
Raspberry___healthy_image (37).JPG,464,0.3135141176470589,-2.0816681711721685e-17,1013.3380631690985,0.1154091149154841,0.4838405947457108,0.1154091149154841,0.1400156862745098,0.6657650980392157,False,Esca_(Black_Measles)
Raspberry___healthy_image (161).JPG,398,0.34323490196078443,1.734723475976807e-18,841.7340232583429,0.14536011475687877,0.4294189909811581,0.14536011475687877,0.0935294117647059,0.7366211764705882,False,Esca_(Black_Measles)
Raspberry___healthy_image (248).JPG,330,0.3065333333333333,-4.163336342344337e-17,1250.763281761012,0.18064806555341614,0.522256015625,0.18064806555341614,0.09517411764705883,0.7867313725490196,False,Esca_(Black_Measles)
Raspberry___healthy_image (21).JPG,573,0.31775686274509807,1.0408340855860843e-17,865.5820672973231,0.13252857753508174,0.440209692957261,0.13252857753508174,0.07279843137254902,0.6836850980392156,False,Esca_(Black_Measles)
Raspberry___healthy_image (198).JPG,331,0.43540941176470593,1.214306433183765e-17,1324.6216708332543,0.18148637902493264,0.5389832477405024,0.18148637902493264,0.0898764705882353,0.7850866666666667,False,Esca_(Black_Measles)
Raspberry___healthy_image (177).JPG,603,0.398963137254902,-2.7755575615628914e-17,1243.7469731931603,0.16376883110768037,0.5261822817095589,0.16376883110768037,0.12273960784313726,0.7943662745098039,False,Esca_(Black_Measles)
Raspberry___healthy_image (2).JPG,350,0.6070364705882353,-1.5612511283791264e-17,1410.5888464571005,0.1676554851989696,0.5624621276616115,0.1676554851989696,0.09434862745098038,0.7968513725490195,False,Esca_(Black_Measles)
Raspberry___healthy_image (76).JPG,440,0.22362274509803917,-1.3877787807814457e-17,1186.2667990639468,0.17559640322107864,0.5087180257161459,0.17559640322107864,0.09158156862745098,0.7264933333333334,False,Esca_(Black_Measles)
Raspberry___healthy_image (99).JPG,431,0.3154862745098039,-1.3877787807814457e-17,1431.6849641022363,0.1777919818020547,0.5638676909083946,0.1777919818020547,0.1038435294117647,0.8086160784313726,False,Esca_(Black_Measles)
Raspberry___healthy_image (120).JPG,317,0.3760141176470589,0.0,1187.5530105368834,0.15742344038115558,0.5149585544960171,0.15742344038115558,0.08060392156862745,0.7315686274509805,False,Esca_(Black_Measles)
Raspberry___healthy_image (209).JPG,393,0.44774823529411784,4.85722573273506e-17,1361.237688741404,0.17781403797308898,0.5484200333180147,0.17781403797308898,0.11056274509803922,0.8141972549019609,False,Esca_(Black_Measles)
Raspberry___healthy_image (337).JPG,465,0.479083137254902,-6.938893903907228e-18,923.8239260363407,0.10978898135062637,0.462109689989277,0.10978898135062637,0.1425533333333333,0.6388349019607843,False,Esca_(Black_Measles)
Raspberry___healthy_image (272).JPG,496,0.43265019607843147,1.3877787807814457e-17,1193.9289392799162,0.17783023616094726,0.5098123814721202,0.17783023616094726,0.05801372549019609,0.7360556862745098,False,Esca_(Black_Measles)
Raspberry___healthy_image (360).JPG,649,0.22833294117647046,2.7755575615628914e-17,1063.5553163576587,0.1744967689621982,0.47876995078890927,0.1744967689621982,0.0669729411764706,0.7677258823529413,False,Esca_(Black_Measles)
Raspberry___healthy_image (225).JPG,511,0.37485333333333326,-2.7755575615628914e-17,926.4868393194312,0.15226073969153073,0.4506040929457721,0.15226073969153073,0.10274156862745097,0.7363250980392158,False,Esca_(Black_Measles)
Raspberry___healthy_image (233).JPG,444,0.3222580392156863,0.0,978.5576394736383,0.14730763449263706,0.4660809892961091,0.14730763449263706,0.08597686274509804,0.770836862745098,False,Esca_(Black_Measles)
Raspberry___healthy_image (321).JPG,325,0.40285490196078444,1.0408340855860843e-17,1344.238879871778,0.1549504883905076,0.5515553358609069,0.1549504883905076,0.11814588235294117,0.7413839215686275,False,Esca_(Black_Measles)
Raspberry___healthy_image (264).JPG,640,0.4634501960784315,1.3877787807814457e-17,1448.6326028872645,0.1773786555681786,0.5676788877719057,0.1773786555681786,0.13274588235294119,0.8086160784313726,False,Esca_(Black_Measles)
Raspberry___healthy_image (213).JPG,433,0.5034686274509805,-1.3877787807814457e-17,1444.0929126490862,0.135227668877159,0.5782189107498469,0.135227668877159,0.22642823529411765,0.8218321568627451,False,Esca_(Black_Measles)
Raspberry___healthy_image (356).JPG,706,0.42447882352941174,-1.9081958235744878e-17,1305.0913862300024,0.21377529930033598,0.5224652504595588,0.21377529930033598,0.09745176470588235,0.8047023529411764,False,Esca_(Black_Measles)
Raspberry___healthy_image (83).JPG,446,0.30683960784313713,-3.469446951953614e-18,1064.529072857806,0.12811011621814755,0.4934628428500306,0.12811011621814755,0.10529411764705882,0.7388611764705882,False,Esca_(Black_Measles)
Raspberry___healthy_image (244).JPG,306,0.5071152941176471,0.0,1454.5406737642152,0.19260874825118682,0.5639832656441484,0.19260874825118682,0.11227490196078431,0.8399886274509804,False,Esca_(Black_Measles)
Raspberry___healthy_image (301).JPG,538,0.49142823529411755,3.469446951953614e-18,915.8104815441585,0.10545305585345105,0.46100450836780027,0.10545305585345105,0.13889176470588235,0.6674396078431372,False,Esca_(Black_Measles)
Raspberry___healthy_image (182).JPG,591,0.20251019607843124,-6.938893903907228e-18,1436.5944297810627,0.2077136606273675,0.5546134775199142,0.2077136606273675,0.14117882352941177,0.8178360784313725,False,Esca_(Black_Measles)
Raspberry___healthy_image (252).JPG,532,0.2653988235294117,0.0,1048.689730084206,0.1564039843892382,0.48123046061197916,0.1564039843892382,0.09548588235294117,0.7557309803921568,False,Esca_(Black_Measles)
Raspberry___healthy_image (317).JPG,452,0.5012207843137256,9.540979117872439e-18,1362.737661724488,0.16568639141320454,0.5525477153224572,0.16568639141320454,0.11259529411764706,0.7929298039215685,False,Esca_(Black_Measles)
Raspberry___healthy_image (194).JPG,529,0.32668470588235304,-6.938893903907228e-18,940.6544476443222,0.10343322448880071,0.4679525491153492,0.10343322448880071,0.10810823529411764,0.7089023529411765,False,Esca_(Black_Measles)
Raspberry___healthy_image (205).JPG,498,0.35077254901960775,6.938893903907228e-18,1120.5499511689784,0.18426456438339814,0.48953894138710174,0.18426456438339814,0.09208588235294118,0.7407956862745098,False,Esca_(Black_Measles)
Raspberry___healthy_image (340).JPG,543,0.34679137254901937,-2.6020852139652106e-18,1186.4982886226312,0.17676111225947563,0.5083869631778493,0.17676111225947563,0.14443450980392158,0.7903921568627451,False,Esca_(Black_Measles)
Raspberry___healthy_image (95).JPG,241,0.5277874509803921,1.0408340855860843e-17,1560.6808047719887,0.13386208598074126,0.6026396408739276,0.13386208598074126,0.16013725490196076,0.815610980392157,False,Esca_(Black_Measles)
Raspberry___healthy_image (291).JPG,569,0.6202752941176471,-4.163336342344337e-17,1033.6056529822513,0.12231120543317818,0.4873182021675858,0.12231120543317818,0.1518094117647059,0.7156670588235294,False,Esca_(Black_Measles)
Raspberry___healthy_image (157).JPG,480,0.47516784313725496,-2.7755575615628914e-17,1067.011468317274,0.1219381905764145,0.4956682838350184,0.1219381905764145,0.10552509803921568,0.704415294117647,False,Esca_(Black_Measles)
Raspberry___healthy_image (229).JPG,611,0.3863729411764706,8.673617379884035e-19,942.3758899454293,0.11041683569160807,0.4668156032666973,0.11041683569160807,0.08622196078431373,0.6926505882352941,False,Esca_(Black_Measles)
Raspberry___healthy_image (100).JPG,472,0.3429599999999999,0.0,888.1472082190161,0.14586247067374505,0.44225068723192407,0.14586247067374505,0.05652313725490196,0.7156145098039216,False,Esca_(Black_Measles)
Raspberry___healthy_image (56).JPG,465,0.40741803921568603,4.336808689942018e-19,1323.7902910227904,0.13694607940853315,0.5517946041092219,0.13694607940853315,0.13858705882352942,0.7514741176470588,False,Esca_(Black_Measles)
Raspberry___healthy_image (116).JPG,545,0.1795611764705881,-1.734723475976807e-17,1503.4371821149225,0.2070278673853899,0.5693833744064032,0.2070278673853899,0.12793137254901962,0.8153658823529412,False,Esca_(Black_Measles)
Raspberry___healthy_image (40).JPG,615,0.30288901960784326,-2.0816681711721685e-17,815.7819545152586,0.11795103550962692,0.43043636852787986,0.11795103550962692,0.07418941176470588,0.6609725490196079,False,Esca_(Black_Measles)
Raspberry___healthy_image (287).JPG,693,0.520798823529412,0.0,1220.5241960075568,0.21327332072807337,0.5025537277879902,0.21327332072807337,0.10131294117647058,0.847266274509804,False,Esca_(Black_Measles)
Raspberry___healthy_image (268).JPG,631,0.42192705882352943,-1.3877787807814457e-17,1408.9482221054295,0.20385286866204175,0.5499717901731005,0.20385286866204175,0.12404745098039216,0.829607843137255,False,Esca_(Black_Measles)
Raspberry___healthy_image (141).JPG,266,0.43954,-1.734723475976807e-17,1278.618581717376,0.17026252438980033,0.532184722924326,0.17026252438980033,0.09521960784313725,0.7721682352941176,False,Esca_(Black_Measles)
Raspberry___healthy_image (17).JPG,517,0.4155517647058824,-3.2959746043559335e-17,1905.2825221513,0.15061695616685128,0.665216924977022,0.15061695616685128,0.17467686274509803,0.8825752941176471,False,Esca_(Black_Measles)
Raspberry___healthy_image (355).JPG,502,0.4230737254901961,1.3877787807814457e-17,1183.8632586110616,0.11882649610261661,0.524359684532016,0.11882649610261661,0.10530980392156863,0.7529105882352942,False,Esca_(Black_Measles)
Raspberry___healthy_image (210).JPG,461,0.46871019607843145,-6.938893903907228e-18,1012.7226007185762,0.13840357079584262,0.47764507257199756,0.13840357079584262,0.13108705882352942,0.7063270588235294,False,Esca_(Black_Measles)
Raspberry___healthy_image (80).JPG,286,0.4356631372549019,-2.0816681711721685e-17,1357.470188101085,0.18138996901334448,0.546404280503217,0.18138996901334448,0.11391176470588237,0.7654639215686275,False,Esca_(Black_Measles)
Raspberry___healthy_image (139).JPG,405,0.38749529411764705,2.0816681711721685e-17,896.3274748382303,0.11801920270946331,0.4527008681832108,0.11801920270946331,0.07195019607843138,0.6593364705882353,False,Esca_(Black_Measles)
Raspberry___healthy_image (302).JPG,725,0.25326117647058816,6.938893903907228e-18,1064.5258967858322,0.2062232896331996,0.4662420316329657,0.2062232896331996,0.08901254901960784,0.8002372549019607,False,Esca_(Black_Measles)
Raspberry___healthy_image (247).JPG,480,0.48863843137254886,-6.938893903907228e-18,1203.3854618971313,0.12364115763695761,0.527793933057598,0.12364115763695761,0.16664745098039216,0.7388988235294117,False,Esca_(Black_Measles)
Raspberry___healthy_image (38).JPG,369,0.3163337254901961,0.0,981.025356920622,0.1275765659332249,0.4725005756931679,0.1275765659332249,0.08398196078431373,0.7282501960784314,False,Esca_(Black_Measles)
Raspberry___healthy_image (181).JPG,620,0.3384807843137256,-4.163336342344337e-17,1327.76520074732,0.193041142609437,0.5356533526731005,0.193041142609437,0.0904043137254902,0.8021498039215686,False,Esca_(Black_Measles)
Raspberry___healthy_image (314).JPG,661,0.44603607843137283,3.469446951953614e-18,1261.1438894978935,0.16816078525669395,0.5288354933555454,0.16816078525669395,0.11250431372549019,0.8150831372549019,False,Esca_(Black_Measles)
Raspberry___healthy_image (251).JPG,289,0.4409913725490196,1.0408340855860843e-17,1414.0968100117977,0.14020394021629534,0.5706389515356924,0.14020394021629534,0.23783568627450985,0.7971192156862744,False,Esca_(Black_Measles)
Raspberry___healthy_image (178).JPG,537,0.3698290196078432,6.938893903907228e-18,1205.603513527626,0.1681286004688234,0.5158516850490197,0.1681286004688234,0.08736156862745098,0.7321341176470588,False,Esca_(Black_Measles)
Raspberry___healthy_image (197).JPG,450,0.2574960784313726,3.469446951953614e-18,1279.436120244385,0.14563025803135252,0.5396020288564645,0.14563025803135252,0.1580337254901961,0.7293137254901961,False,Esca_(Black_Measles)
Raspberry___healthy_image (343).JPG,388,0.4051545098039213,-1.734723475976807e-17,1425.4885641802657,0.18150045441045834,0.5613531239468443,0.18150045441045834,0.1077878431372549,0.8170176470588235,False,Esca_(Black_Measles)
Raspberry___healthy_image (206).JPG,657,0.26475098039215694,1.3877787807814457e-17,1298.101383480958,0.19838784463432574,0.526857341930913,0.19838784463432574,0.11374196078431371,0.824004705882353,False,Esca_(Black_Measles)
Raspberry___healthy_image (96).JPG,558,0.25530941176470595,-1.3877787807814457e-17,693.4699651408046,0.10252843098023724,0.3985072462852329,0.10252843098023724,0.06999294117647059,0.5848980392156863,False,Esca_(Black_Measles)
Raspberry___healthy_image (79).JPG,523,0.40931254901960773,-2.0816681711721685e-17,1303.837657099562,0.19252266591076866,0.5303731385952819,0.19252266591076866,0.10246745098039217,0.7758823529411765,False,Esca_(Black_Measles)
Raspberry___healthy_image (292).JPG,508,0.4443796078431371,-1.214306433183765e-17,990.849052515231,0.10001905524116579,0.4816128183402267,0.10001905524116579,0.14898196078431372,0.6738760784313725,False,Esca_(Black_Measles)
Raspberry___healthy_image (338).JPG,598,0.23166549019607824,-1.0408340855860843e-17,1053.7071085837827,0.1809660571852539,0.473832355334712,0.1809660571852539,0.08770470588235293,0.7478674509803922,False,Esca_(Black_Measles)
Raspberry___healthy_image (154).JPG,385,0.4634282352941174,1.5612511283791264e-17,1074.5616369964764,0.135428517349041,0.4940199382467831,0.135428517349041,0.10975921568627452,0.7128239215686274,False,Esca_(Black_Measles)
Raspberry___healthy_image (55).JPG,510,0.319690588235294,-1.734723475976807e-17,1098.6062062174944,0.16328215876613691,0.4915061486098346,0.16328215876613691,0.10245960784313725,0.728167843137255,False,Esca_(Black_Measles)
Raspberry___healthy_image (103).JPG,551,0.24015803921568638,-6.938893903907228e-18,1283.4213358274371,0.18043797633049796,0.5298976361443015,0.18043797633049796,0.09042705882352942,0.7800113725490196,False,Esca_(Black_Measles)
Raspberry___healthy_image (43).JPG,720,0.4945250980392157,1.0408340855860843e-17,1375.125023415109,0.20734497898483822,0.5411022529871323,0.20734497898483822,0.10664901960784315,0.8593513725490196,False,Esca_(Black_Measles)
Raspberry___healthy_image (115).JPG,444,0.4471380392156862,-3.469446951953614e-18,1419.5960486529602,0.12857039579790178,0.5745428891888786,0.12857039579790178,0.14308980392156867,0.8352713725490196,False,Esca_(Black_Measles)
Raspberry___healthy_image (284).JPG,562,0.3880160784313727,1.9081958235744878e-17,1185.6362392469541,0.1751010607888144,0.5087615826056985,0.1751010607888144,0.12232039215686275,0.7292988235294119,False,Esca_(Black_Measles)
Raspberry___healthy_image (14).JPG,733,0.37570941176470585,-2.0816681711721685e-17,1010.873765855183,0.17817194987420773,0.4637721116727941,0.17817194987420773,0.07784392156862746,0.770836862745098,False,Esca_(Black_Measles)
Raspberry___healthy_image (142).JPG,727,0.2241513725490197,0.0,1042.1617640961476,0.19749473435176,0.4641574311619179,0.19749473435176,0.09164196078431372,0.7562596078431373,False,Esca_(Black_Measles)
Raspberry___healthy_image (135).JPG,332,0.35638274509803924,6.938893903907228e-18,1099.5984289336666,0.14888374564315163,0.49630765251608455,0.14888374564315163,0.15496039215686278,0.7786274509803921,False,Esca_(Black_Measles)
Raspberry___healthy_image (63).JPG,620,0.3457584313725491,0.0,1313.412671799271,0.17531276389613681,0.5384719232536765,0.17531276389613681,0.10077019607843136,0.7786274509803921,False,Esca_(Black_Measles)
Raspberry___healthy_image (359).JPG,635,0.3588992156862745,-2.6020852139652106e-18,1180.0366760546226,0.18012947317544334,0.5056478141276042,0.18012947317544334,0.09491411764705882,0.7663349019607842,False,Esca_(Black_Measles)
Raspberry___healthy_image (162).JPG,593,0.35333372549019604,-2.3418766925686896e-17,928.5365421439889,0.10505163376307414,0.46442235696231615,0.10505163376307414,0.11903098039215687,0.6567909803921569,False,Esca_(Black_Measles)
Raspberry___healthy_image (34).JPG,564,0.339864705882353,3.8163916471489756e-17,1230.8718943802232,0.19169855836202496,0.5136007170075061,0.19169855836202496,0.09208666666666666,0.8335294117647057,False,Esca_(Black_Measles)
Raspberry___healthy_image (174).JPG,355,0.35865960784313733,-2.5153490401663703e-17,1020.1889653874755,0.16249204935682257,0.4719081594669118,0.16249204935682257,0.13023803921568627,0.717861568627451,False,Esca_(Black_Measles)
Raspberry___healthy_image (1).JPG,582,0.409909411764706,6.938893903907228e-18,953.662079747782,0.15437628706954254,0.45720524940640317,0.15437628706954254,0.06640745098039216,0.7937654901960786,False,Esca_(Black_Measles)
Raspberry___healthy_image (22).JPG,487,0.32588196078431386,3.469446951953614e-18,1286.1390945666487,0.18208561079622607,0.529971282456342,0.18208561079622607,0.09798745098039215,0.8246156862745098,False,Esca_(Black_Measles)
Raspberry___healthy_image (318).JPG,366,0.40316588235294093,3.642919299551295e-17,1465.1487195534912,0.18685235585285154,0.5681797290517769,0.18685235585285154,0.11028705882352942,0.8268101960784314,False,Esca_(Black_Measles)
Raspberry___healthy_image (123).JPG,409,0.30375137254901935,1.3010426069826053e-17,544.8063426264422,0.09207589067328593,0.35292197007123166,0.09207589067328593,0.06269960784313726,0.5363533333333333,False,Esca_(Black_Measles)
Raspberry___healthy_image (75).JPG,371,0.22863843137254908,-4.336808689942018e-19,1141.3914665313796,0.17776421776053747,0.49706405168121937,0.17776421776053747,0.09375254901960785,0.7284654901960785,False,Esca_(Black_Measles)
Raspberry___healthy_image (158).JPG,608,0.11405529411764687,5.204170427930421e-18,1250.6789109275203,0.19392584819416545,0.5174335438687194,0.19392584819416545,0.08568705882352941,0.749792549019608,False,Esca_(Black_Measles)
Raspberry___healthy_image (271).JPG,403,0.43150274509803926,-9.540979117872439e-18,1406.9761544630633,0.17857380069228826,0.5582623873123468,0.17857380069228826,0.14700980392156865,0.8169949019607844,False,Esca_(Black_Measles)
Raspberry___healthy_image (334).JPG,397,0.45946117647058843,-1.734723475976807e-18,1080.5345897654736,0.11151370181853813,0.5014166167853861,0.11151370181853813,0.11485019607843137,0.7139556862745098,False,Esca_(Black_Measles)
Raspberry___healthy_image (59).JPG,459,0.36671176470588224,2.7755575615628914e-17,1190.6525881517293,0.18874486616991956,0.5050691773897059,0.18874486616991956,0.07980823529411764,0.8201207843137255,False,Esca_(Black_Measles)
Raspberry___healthy_image (226).JPG,367,0.3620094117647058,1.734723475976807e-17,1186.2300219719846,0.16221745166838186,0.513151470971201,0.16221745166838186,0.08116235294117648,0.7310031372549021,False,Esca_(Black_Measles)
Raspberry___healthy_image (363).JPG,669,0.3003960784313726,1.3010426069826053e-17,1096.598765320147,0.16585193604346768,0.49014229970894607,0.16585193604346768,0.06578862745098041,0.7357878431372549,False,Esca_(Black_Measles)
Raspberry___healthy_image (119).JPG,388,0.4642521568627451,2.0816681711721685e-17,1325.0653017449874,0.18216949804292074,0.5388591323912377,0.18216949804292074,0.14028431372549022,0.8310294117647058,False,Esca_(Black_Measles)
Raspberry___healthy_image (230).JPG,556,0.35864705882352965,-1.3877787807814457e-17,1202.1558889585276,0.18181630150183634,0.5103619557100184,0.18181630150183634,0.10440901960784313,0.8119721568627452,False,Esca_(Black_Measles)
Raspberry___healthy_image (18).JPG,604,0.2328349019607844,-1.3877787807814457e-17,1189.6356886693077,0.1582089964456733,0.5151907892922793,0.1582089964456733,0.10087607843137254,0.7024431372549019,False,Esca_(Black_Measles)
Raspberry___healthy_image (267).JPG,559,0.3235894117647058,-6.938893903907228e-18,1294.4657764073308,0.18937852260019872,0.5293326202512256,0.18937852260019872,0.10060117647058824,0.7519949019607843,True,Healthy
Raspberry___healthy_image (288).JPG,422,0.38245764705882335,-6.938893903907228e-18,1374.181807166699,0.18581758720109623,0.5486357087737439,0.18581758720109623,0.16713215686274513,0.8125227450980392,True,Healthy
Raspberry___healthy_image (322).JPG,711,0.3493729411764708,-4.336808689942018e-18,949.9234198018662,0.17390171375528343,0.44911345061657476,0.17390171375528343,0.08310392156862745,0.741949411764706,True,Healthy
Raspberry___healthy_image (266).JPG,368,0.31044862745098034,1.0408340855860843e-17,1362.0228054023005,0.17290057375008144,0.5501400007659314,0.17290057375008144,0.09099254901960784,0.7623905882352942,True,Healthy
Raspberry___healthy_image (289).JPG,397,0.45919176470588263,-8.673617379884035e-18,1274.278476285895,0.19952354035676298,0.5209078414139093,0.19952354035676298,0.08705607843137256,0.7573835294117648,True,Healthy
Raspberry___healthy_image (323).JPG,515,0.2793949019607842,6.938893903907228e-18,935.2917856499369,0.16861640870047295,0.44713564587162996,0.16861640870047295,0.08628235294117648,0.7473074509803922,True,Healthy
Raspberry___healthy_image (19).JPG,753,0.3468737254901958,-4.163336342344337e-17,1003.3142714858243,0.17807104293310239,0.4618114900237439,0.17807104293310239,0.09437058823529412,0.7316211764705882,True,Healthy
Raspberry___healthy_image (231).JPG,522,0.32300901960784306,-3.469446951953614e-17,896.9889008773903,0.15443721427093662,0.4417760180185355,0.15443721427093662,0.05850313725490196,0.6901152941176469,True,Healthy
Raspberry___healthy_image (118).JPG,446,0.37345294117647065,-6.938893903907228e-18,1182.796738901792,0.18707843021975465,0.5037900809015012,0.18707843021975465,0.08873058823529412,0.7525603921568629,True,Healthy
Raspberry___healthy_image (227).JPG,724,0.3216854901960784,1.3877787807814457e-17,850.7255686492986,0.1577768944155954,0.42758436322380516,0.1577768944155954,0.08654235294117647,0.695761568627451,True,Healthy
Raspberry___healthy_image (362).JPG,289,0.41825921568627444,-6.938893903907228e-18,1258.9653324832495,0.14188864443331511,0.535980322265625,0.14188864443331511,0.10973019607843137,0.7718854901960783,True,Healthy
Raspberry___healthy_image (58).JPG,414,0.43428705882352925,2.7755575615628914e-17,1474.8561634329358,0.18089947562986955,0.5721833023131127,0.18089947562986955,0.11365882352941177,0.812247843137255,True,Healthy
Raspberry___healthy_image (270).JPG,322,0.43624980392156854,0.0,1282.112456738649,0.18390076121391047,0.5284342058249081,0.18390076121391047,0.15300392156862747,0.7850866666666667,True,Healthy
Raspberry___healthy_image (335).JPG,653,0.3841768627450981,-1.3877787807814457e-17,1015.3677471349015,0.1404126522614459,0.47771627211626844,0.1404126522614459,0.13494745098039215,0.7473074509803922,True,Healthy
Raspberry___healthy_image (159).JPG,456,0.3379200000000002,0.0,1062.303439866037,0.17101681532263627,0.4797213285079657,0.17101681532263627,0.09718392156862746,0.7624054901960784,True,Healthy
Raspberry___healthy_image (122).JPG,613,0.5555494117647061,2.0816681711721685e-17,1125.0341987877755,0.1589199765001895,0.49948607977175247,0.1589199765001895,0.12552235294117647,0.7388988235294117,True,Healthy
Raspberry___healthy_image (74).JPG,446,0.39533137254901973,1.5612511283791264e-17,863.4060406915777,0.09627497161041235,0.4489563188380821,0.09627497161041235,0.09158000000000001,0.6312745098039216,True,Healthy
Raspberry___healthy_image (319).JPG,352,0.36619882352941174,6.938893903907228e-18,1226.1062090624898,0.13266737748027335,0.5308243050130208,0.13266737748027335,0.09745176470588235,0.7554113725490197,True,Healthy
Raspberry___healthy_image (175).JPG,462,0.35331882352941185,-1.0408340855860843e-17,1243.3219244761176,0.11499171638429084,0.5388439235791973,0.11499171638429084,0.1836729411764706,0.7310407843137255,True,Healthy
Raspberry___healthy_image (23).JPG,232,0.4353803921568628,-8.673617379884035e-18,1319.3393060175529,0.13198714331338832,0.5520235457835478,0.13198714331338832,0.14363254901960787,0.7551435294117648,True,Healthy
Raspberry___healthy_image (163).JPG,318,0.43593098039215683,7.806255641895632e-18,1269.07841172078,0.1554423604226206,0.5345256445312501,0.1554423604226206,0.09853019607843136,0.7267839215686275,True,Healthy
Raspberry___healthy_image (35).JPG,452,0.35221686274509795,0.0,971.7185675974083,0.1311793329094448,0.4691036647901348,0.1311793329094448,0.06411411764705882,0.6848074509803922,True,Healthy
Raspberry___healthy_image (358).JPG,329,0.3959039215686275,-1.0408340855860843e-17,1323.9766919691294,0.172693572404415,0.5417118179381128,0.172693572404415,0.10551019607843137,0.7419345098039216,True,Healthy
Raspberry___healthy_image (134).JPG,538,0.43822431372549,3.469446951953614e-17,1401.4712568665605,0.17846377984221573,0.5570939173560049,0.17846377984221573,0.12405372549019608,0.8007729411764706,True,Healthy
Raspberry___healthy_image (62).JPG,512,0.5006411764705881,-6.938893903907228e-18,1309.6094531148678,0.13430624782416925,0.5493194826133578,0.13430624782416925,0.09743686274509804,0.7551505882352941,True,Healthy
Raspberry___healthy_image (15).JPG,381,0.2359450980392156,1.3877787807814457e-17,1225.7920629653145,0.17039663553877604,0.5198501883233763,0.17039663553877604,0.1184364705882353,0.7890082352941177,True,Healthy
Raspberry___healthy_image (143).JPG,702,0.30740509803921573,0.0,886.0299589365607,0.18787890463360088,0.4254885379327512,0.18787890463360088,0.0728894117647059,0.704415294117647,True,Healthy
Raspberry___healthy_image (285).JPG,398,0.43033568627451,2.6020852139652106e-17,1340.2096030168811,0.1866876505091365,0.5407333385033701,0.1866876505091365,0.11758823529411766,0.8130584313725491,True,Healthy
Raspberry___healthy_image (42).JPG,457,0.4883329411764709,2.0816681711721685e-17,1121.7355479973185,0.1458445178609408,0.5026418350758273,0.1458445178609408,0.11319921568627453,0.7214854901960784,True,Healthy
Raspberry___healthy_image (114).JPG,583,0.2783023529411768,6.938893903907228e-18,1170.0634828818138,0.14436631756504106,0.514623459999234,0.14436631756504106,0.14282823529411767,0.8061309803921568,True,Healthy
Raspberry___healthy_image (54).JPG,678,0.24243490196078443,-1.0408340855860843e-17,843.1543557063793,0.12737769257247342,0.4354738845166973,0.12737769257247342,0.048680784313725495,0.6901654901960784,True,Healthy
Raspberry___healthy_image (102).JPG,312,0.23453843137254912,-6.938893903907228e-18,1076.3897313564257,0.17124491423259058,0.48319672066482844,0.17124491423259058,0.06662980392156864,0.7282125490196079,True,Healthy
Raspberry___healthy_image (155).JPG,494,0.3331533333333332,1.3877787807814457e-17,918.8591836954889,0.16004521701813426,0.44580655148973647,0.16004521701813426,0.077798431372549,0.724023137254902,True,Healthy
Raspberry___healthy_image (293).JPG,359,0.40037529411764694,-1.0408340855860843e-17,1060.8026885757454,0.16756307033528509,0.48056922985600486,0.16756307033528509,0.09294901960784314,0.743103137254902,True,Healthy
Raspberry___healthy_image (339).JPG,280,0.3241776470588235,2.0816681711721685e-17,1331.5470857416717,0.1759397951716232,0.5423611188342525,0.1759397951716232,0.10552509803921568,0.8032658823529412,True,Healthy
Raspberry___healthy_image (97).JPG,649,0.3292160784313723,-1.3877787807814457e-17,1275.1791095669714,0.22438171280836897,0.5108838737936581,0.22438171280836897,0.08986156862745098,0.7851094117647058,True,Healthy
Raspberry___healthy_image (78).JPG,551,0.3043027450980393,-3.469446951953614e-18,1247.7545127772037,0.18022843515554135,0.5216971201937807,0.18022843515554135,0.08117725490196079,0.8002074509803921,True,Healthy
Raspberry___healthy_image (342).JPG,241,0.35948745098039203,-1.3877787807814457e-17,1117.6857419973724,0.10732489997050244,0.5112586547372855,0.10732489997050244,0.12461294117647059,0.6853729411764706,True,Healthy
Raspberry___healthy_image (207).JPG,620,0.2883172549019607,-2.7755575615628914e-17,1244.6891583363438,0.16934523478016536,0.5246157404641544,0.16934523478016536,0.09574666666666667,0.8683105882352942,True,Healthy
Raspberry___healthy_image (179).JPG,368,0.4191349019607841,8.673617379884035e-18,1260.1282249998658,0.19359187773478284,0.519820706092984,0.19359187773478284,0.09880588235294119,0.8200909803921568,True,Healthy
Raspberry___healthy_image (196).JPG,560,0.3952858823529412,-3.8163916471489756e-17,1361.9696039774506,0.19989668162789312,0.5409173450903799,0.19989668162789312,0.09713843137254902,0.8360521568627451,True,Healthy
Raspberry___healthy_image (315).JPG,541,0.38385803921568634,0.0,1059.0366415806495,0.20951348399699582,0.4633507753140319,0.20951348399699582,0.09070274509803922,0.7512141176470589,True,Healthy
Raspberry___healthy_image (250).JPG,528,0.4695505882352941,-2.7755575615628914e-17,1208.8268377450736,0.19951866901651982,0.5053413380821079,0.19951866901651982,0.10163411764705883,0.7671533333333334,True,Healthy
Raspberry___healthy_image (39).JPG,258,0.42866117647058843,0.0,1298.0944429171518,0.14323337041885809,0.5444691461780025,0.14323337041885809,0.0971313725490196,0.7666333333333333,True,Healthy
Raspberry___healthy_image (180).JPG,489,0.3084827450980392,-1.0408340855860843e-17,1196.0184745088163,0.17880166964344568,0.5099508737362133,0.17880166964344568,0.08284392156862747,0.7741552941176469,True,Healthy
Raspberry___healthy_image (303).JPG,294,0.4183486274509804,-2.0816681711721685e-17,1484.705668064902,0.15639382142591265,0.5814298502604167,0.15639382142591265,0.15130745098039217,0.7949019607843137,True,Healthy
Raspberry___healthy_image (246).JPG,257,0.29060901960784313,1.3877787807814457e-17,971.25843231882,0.1591263400744973,0.46024240042892156,0.1591263400744973,0.07086392156862745,0.7156521568627451,True,Healthy
Raspberry___healthy_image (81).JPG,731,0.3801972549019606,1.3877787807814457e-17,1125.8501891283956,0.1698703920987244,0.4960293431181066,0.1698703920987244,0.14906745098039217,0.7464145098039217,True,Healthy
Raspberry___healthy_image (138).JPG,702,0.2975913725490196,-3.469446951953614e-17,1202.8664132986212,0.1687004884548227,0.5150051692708334,0.1687004884548227,0.07397568627450982,0.7786423529411765,True,Healthy
Raspberry___healthy_image (354).JPG,718,0.5541576470588238,0.0,1215.2781731617254,0.21117137777320247,0.5021756617647058,0.21117137777320247,0.10162549019607843,0.7884427450980392,True,Healthy
Raspberry___healthy_image (211).JPG,419,0.4395698039215688,-1.734723475976807e-17,869.3988431093258,0.10731658399373978,0.44809139801623776,0.10731658399373978,0.09687764705882353,0.6228956862745099,True,Healthy
Raspberry___healthy_image (133).JPG,673,0.2978129411764705,-1.3877787807814457e-17,1042.9157294291597,0.14988953497568172,0.4818432097311581,0.14988953497568172,0.041486274509803925,0.7074886274509804,True,Healthy
Raspberry___healthy_image (65).JPG,544,0.2919882352941179,1.214306433183765e-17,1510.4607986742885,0.20831584105629286,0.5704298103362438,0.20831584105629286,0.11952980392156863,0.8027152941176471,True,Healthy
Raspberry___healthy_image (164).JPG,474,0.4169121568627452,2.0816681711721685e-17,1129.6795466880274,0.14803222184642417,0.5039142460363051,0.14803222184642417,0.10002784313725491,0.7470396078431373,True,Healthy
Raspberry___healthy_image (32).JPG,238,0.435693725490196,1.734723475976807e-17,1460.0173874497177,0.13303682372332082,0.5820628024471508,0.13303682372332082,0.17440117647058825,0.7940388235294118,True,Healthy
Raspberry___healthy_image (308).JPG,648,0.4062101960784313,1.9081958235744878e-17,1008.2560174553803,0.18059177422384406,0.46215057090609685,0.18059177422384406,0.06802078431372549,0.7433858823529411,True,Healthy
Raspberry___healthy_image (172).JPG,369,0.4874917647058825,-2.2551405187698492e-17,1212.3356457722764,0.16635632229786118,0.5180385853247549,0.16635632229786118,0.09746666666666667,0.8251733333333334,True,Healthy
Raspberry___healthy_image (7).JPG,569,0.26789882352941163,-2.7755575615628914e-17,1080.940726529971,0.15949279453840062,0.488345282532935,0.15949279453840062,0.12751725490196078,0.7585066666666667,True,Healthy
Raspberry___healthy_image (24).JPG,704,0.40424509803921566,0.0,1441.3086176218694,0.19830777336690342,0.5591027720971201,0.19830777336690342,0.10829294117647058,0.839973725490196,True,Healthy
Raspberry___healthy_image (125).JPG,551,0.39336078431372545,-2.7755575615628914e-17,1060.8538853079506,0.15017786850619616,0.48629406221277577,0.15017786850619616,0.12854156862745098,0.7357878431372549,True,Healthy
Raspberry___healthy_image (73).JPG,394,0.28720823529411754,6.938893903907228e-18,903.1845136487909,0.15327459116802203,0.443881820044424,0.15327459116802203,0.11083764705882353,0.7170282352941176,True,Healthy
Raspberry___healthy_image (349).JPG,563,0.38300745098039213,-4.163336342344337e-17,855.7907958903457,0.15644112027824086,0.4295291489545037,0.15644112027824086,0.054887058823529414,0.7170133333333334,True,Healthy
Raspberry___healthy_image (277).JPG,399,0.5606403921568628,8.673617379884035e-18,1669.345458337991,0.15900228528108887,0.618344608226103,0.15900228528108887,0.13660078431372547,0.8408454901960785,True,Healthy
Raspberry___healthy_image (332).JPG,389,0.3818850980392158,1.3877787807814457e-17,1057.0947562672548,0.11440854749116973,0.4950010740272672,0.11440854749116973,0.11874117647058824,0.7058517647058823,True,Healthy
Raspberry___healthy_image (298).JPG,314,0.3530047058823527,1.3877787807814457e-17,1126.7650803629654,0.19446993583464697,0.4871355026424632,0.19446993583464697,0.09012941176470589,0.7329525490196079,True,Healthy
Raspberry___healthy_image (109).JPG,453,0.4860701960784317,-2.2551405187698492e-17,1305.1805773093395,0.12879528791047634,0.5496517601102942,0.12879528791047634,0.13075098039215685,0.7725184313725489,True,Healthy
Raspberry___healthy_image (220).JPG,340,0.3692784313725491,1.0408340855860843e-17,1285.3379999457295,0.16971284695940295,0.5338858162913603,0.16971284695940295,0.12295333333333332,0.7929525490196078,True,Healthy
Raspberry___healthy_image (365).JPG,409,0.1827474509803922,0.0,887.8808475432448,0.13028372651891837,0.4469922696461397,0.13028372651891837,0.09295686274509804,0.7080917647058823,True,Healthy
Raspberry___healthy_image (49).JPG,478,0.3975854901960784,-6.938893903907228e-18,1244.4455564456446,0.1727642022516647,0.5234604461550245,0.1727642022516647,0.08622274509803923,0.7786274509803921,True,Healthy
Raspberry___healthy_image (236).JPG,479,0.4359545098039214,-6.938893903907228e-18,1212.9940465687941,0.11336692618337539,0.5322926499310662,0.11336692618337539,0.12937411764705883,0.7100560784313725,True,Healthy
Raspberry___healthy_image (148).JPG,286,0.4521678431372549,1.3877787807814457e-17,1344.8662682533336,0.1496225079437658,0.5531722266582415,0.1496225079437658,0.1315850980392157,0.7786274509803921,True,Healthy
Raspberry___healthy_image (261).JPG,430,0.36399490196078443,-2.0816681711721685e-17,848.965327388288,0.15209707229123878,0.4291453751148897,0.15209707229123878,0.0747478431372549,0.7231898039215687,True,Healthy
Raspberry___healthy_image (324).JPG,357,0.425015294117647,-1.3877787807814457e-17,1156.1314004540325,0.16002647789971602,0.506650047009038,0.16002647789971602,0.0853886274509804,0.7669152941176469,True,Healthy
Raspberry___healthy_image (353).JPG,609,0.4073262745098039,6.938893903907228e-18,1098.7984557173036,0.15829333544663773,0.4931988120404412,0.15829333544663773,0.1100043137254902,0.7153239215686275,True,Healthy
Raspberry___healthy_image (216).JPG,438,0.48780431372549016,-4.163336342344337e-17,1194.6226823763561,0.14004880661761993,0.5216323936312807,0.14004880661761993,0.08820117647058823,0.7632388235294117,True,Healthy
Raspberry___healthy_image (86).JPG,643,0.3062733333333333,-8.673617379884035e-18,832.3149429291016,0.12897835116121545,0.43195992465150124,0.12897835116121545,0.10024941176470588,0.6900980392156862,True,Healthy
Raspberry___healthy_image (69).JPG,690,0.42694901960784326,-2.0816681711721685e-17,1387.8608582398767,0.19745665640079985,0.5476208446308211,0.19745665640079985,0.10496745098039216,0.8270701960784315,True,Healthy
Raspberry___healthy_image (304).JPG,611,0.33677647058823534,1.3877787807814457e-17,793.3975525818214,0.1305232824819183,0.420347400524663,0.1305232824819183,0.06720235294117648,0.6293023529411765,True,Healthy
Raspberry___healthy_image (241).JPG,659,0.3398952941176471,-2.168404344971009e-17,1029.13903061527,0.13803144513188695,0.4819026577818627,0.13803144513188695,0.10217607843137254,0.7584635294117646,True,Healthy
Raspberry___healthy_image (168).JPG,777,0.46505647058823535,-6.938893903907228e-18,1069.2131458026965,0.19834892302934146,0.470902189989277,0.19834892302934146,0.09096980392156863,0.7982501960784313,True,Healthy
Raspberry___healthy_image (187).JPG,568,0.30262117647058806,0.0,1139.515738478768,0.16372854968982703,0.501415401539522,0.16372854968982703,0.08734588235294118,0.7455882352941178,True,Healthy
Raspberry___healthy_image (312).JPG,714,0.14376196078431372,1.3877787807814457e-17,1132.425580898302,0.18548784267951632,0.4920064990234375,0.18548784267951632,0.08702549019607843,0.7422172549019608,True,Healthy
Raspberry___healthy_image (257).JPG,545,0.30878980392156874,3.469446951953614e-17,1092.2732081301765,0.11080693329365977,0.5043940585746017,0.11080693329365977,0.07866156862745098,0.7175490196078431,True,Healthy
Raspberry___healthy_image (191).JPG,715,0.48081019607843145,5.551115123125783e-17,1344.7254770475015,0.17132550897275894,0.5468145283777573,0.17132550897275894,0.09154313725490196,0.7943286274509803,True,Healthy
Raspberry___healthy_image (28).JPG,515,0.4015250980392159,2.0816681711721685e-17,1018.4843691089167,0.09756720753587954,0.4890535874310662,0.09756720753587954,0.15401254901960787,0.6865070588235294,True,Healthy
Raspberry___healthy_image (345).JPG,501,0.6513878431372548,2.7755575615628914e-17,1679.0338753037615,0.14779883968338212,0.6230405067593444,0.14779883968338212,0.195858431372549,0.8189741176470589,True,Healthy
Raspberry___healthy_image (200).JPG,581,0.24602980392156842,-6.938893903907228e-18,848.1228529370555,0.17559578847524412,0.4198120299096201,0.17559578847524412,0.08451764705882353,0.7257423529411765,True,Healthy
Raspberry___healthy_image (129).JPG,709,0.4322945098039215,0.0,1298.631254104529,0.1451405346337362,0.544085007946538,0.1451405346337362,0.16558705882352942,0.7523074509803922,True,Healthy
Raspberry___healthy_image (90).JPG,294,0.5073384313725492,1.474514954580286e-17,1497.413037090814,0.1418529423248612,0.587809439721201,0.1418529423248612,0.13799176470588237,0.8102827450980393,True,Healthy
Raspberry___healthy_image (294).JPG,455,0.48496117647058856,4.163336342344337e-17,1350.387217672221,0.17693594606048413,0.5462924757774203,0.17693594606048413,0.09520392156862746,0.7615572549019608,True,Healthy
Raspberry___healthy_image (152).JPG,548,0.40764588235294147,8.673617379884035e-18,1374.4178704690294,0.19104821933941776,0.5468933953737745,0.19104821933941776,0.11282549019607843,0.8120098039215686,True,Healthy
Raspberry___healthy_image (369).JPG,711,0.47004941176470605,1.734723475976807e-17,1330.763520450854,0.19130388325283787,0.5369824986596201,0.19130388325283787,0.0993556862745098,0.8125376470588236,True,Healthy
Raspberry___healthy_image (53).JPG,502,0.40484901960784314,-1.3877787807814457e-17,1095.684785220126,0.19366037826890706,0.479621560680913,0.19366037826890706,0.08089450980392157,0.7615572549019608,True,Healthy
Raspberry___healthy_image (105).JPG,701,0.3210823529411764,-6.938893903907228e-18,1129.700779123159,0.1641567588475917,0.4988823330269607,0.1641567588475917,0.1282211764705882,0.7458560784313726,True,Healthy
Raspberry___healthy_image (45).JPG,622,0.35836431372549027,6.938893903907228e-18,1144.2272901703193,0.1725235846196943,0.49961918725107235,0.1725235846196943,0.1010686274509804,0.7360556862745098,True,Healthy
Raspberry___healthy_image (113).JPG,617,0.4799172549019609,2.0816681711721685e-17,1102.3242761641065,0.11085905393560957,0.5068418278952206,0.11085905393560957,0.09437764705882354,0.7307125490196079,True,Healthy
Raspberry___healthy_image (328).JPG,719,0.20341882352941176,-2.0816681711721685e-17,829.3450451719706,0.17434487295233422,0.4148382640165441,0.17434487295233422,0.07363176470588234,0.6993925490196079,True,Healthy
Raspberry___healthy_image (282).JPG,401,0.5726721568627451,-3.469446951953614e-18,1371.2643179005145,0.16786724951948775,0.553788751148897,0.16786724951948775,0.12719686274509806,0.7728019607843137,True,Healthy
Raspberry___healthy_image (12).JPG,305,0.32948941176470614,6.938893903907228e-18,1314.8824214853787,0.1769014390325968,0.5382830126953125,0.1769014390325968,0.09012156862745099,0.7797662745098038,True,Healthy
Raspberry___healthy_image (144).JPG,318,0.32897647058823526,0.0,1411.5092214979495,0.17098571704710966,0.5616022171798407,0.17098571704710966,0.06922784313725491,0.7982729411764706,True,Healthy
Raspberry___healthy_image (13).JPG,447,0.3342764705882353,6.938893903907228e-18,1052.9748297715305,0.10914452082396743,0.4951653128829657,0.10914452082396743,0.14055843137254903,0.6890196078431373,True,Healthy
Raspberry___healthy_image (145).JPG,493,0.2958556862745099,-1.3877787807814457e-17,794.0377599909834,0.1628513487749832,0.4090937337239583,0.1628513487749832,0.08792627450980392,0.6889905882352941,True,Healthy
Raspberry___healthy_image (329).JPG,303,0.33254862745098057,0.0,1264.8008488726066,0.1810610258246955,0.5253885931755515,0.1810610258246955,0.08957882352941177,0.7399325490196078,True,Healthy
Raspberry___healthy_image (283).JPG,456,0.4763239215686276,1.734723475976807e-18,1293.9117147068243,0.14707609797947008,0.5425130669806986,0.14707609797947008,0.11180039215686276,0.7489890196078431,True,Healthy
Raspberry___healthy_image (44).JPG,665,0.398106274509804,-2.0816681711721685e-17,1183.037537628059,0.1843233398609725,0.5048674318321078,0.1843233398609725,0.07812666666666666,0.7836878431372549,True,Healthy
Raspberry___healthy_image (112).JPG,317,0.3583250980392157,1.9081958235744878e-17,1122.2908550106572,0.19116055709187652,0.4873251266659008,0.19116055709187652,0.08340235294117647,0.7447172549019607,True,Healthy
Raspberry___healthy_image (52).JPG,247,0.49246352941176447,-3.469446951953614e-18,1301.3711583661004,0.1391584111763971,0.5462707329005823,0.1391584111763971,0.13860274509803922,0.7668627450980393,True,Healthy
Raspberry___healthy_image (104).JPG,423,0.40346352941176467,1.214306433183765e-17,915.6018425244457,0.14876107141314135,0.4488267946729473,0.14876107141314135,0.06471725490196079,0.712258431372549,True,Healthy
Raspberry___healthy_image (368).JPG,524,0.26535490196078415,6.938893903907228e-18,1254.0766226096493,0.16575179627967468,0.5279342603017769,0.16575179627967468,0.09716196078431373,0.7573380392156863,True,Healthy
Raspberry___healthy_image (153).JPG,591,0.36756627450980384,0.0,1041.8991451643099,0.18105071136189088,0.47076908672257967,0.18105071136189088,0.06726352941176471,0.7775490196078432,True,Healthy
Raspberry___healthy_image (295).JPG,264,0.3670023529411766,-3.469446951953614e-18,1260.3700741796606,0.13153858072713107,0.5389230213120404,0.13153858072713107,0.09293490196078431,0.7576356862745097,True,Healthy
Raspberry___healthy_image (128).JPG,604,0.356436862745098,-1.3877787807814457e-17,952.4167914942977,0.15008492668666676,0.4582893877336091,0.15008492668666676,0.08070274509803921,0.7545647058823529,True,Healthy
Raspberry___healthy_image (91).JPG,318,0.41298901960784296,-3.469446951953614e-17,1208.324396918437,0.19214333324239383,0.5080587107460172,0.19214333324239383,0.08481607843137254,0.8355243137254902,True,Healthy
Raspberry___healthy_image (344).JPG,693,0.44295019607843145,-2.0816681711721685e-17,1136.8553976984965,0.1425596275081448,0.5072250403071386,0.1425596275081448,0.1454207843137255,0.7125262745098039,True,Healthy
Raspberry___healthy_image (201).JPG,446,0.25895529411764734,-1.214306433183765e-17,1389.1124098678843,0.17664094093425126,0.5549352407896753,0.17664094093425126,0.10051803921568628,0.8243023529411765,True,Healthy
Raspberry___healthy_image (190).JPG,276,0.4857662745098038,6.938893903907228e-18,1520.1554948022238,0.1441078583238399,0.5919647348920037,0.1441078583238399,0.15759960784313726,0.8088839215686275,True,Healthy
Raspberry___healthy_image (29).JPG,354,0.28131607843137274,-1.474514954580286e-17,1092.0450290579274,0.0998592761475414,0.5066162274050245,0.0998592761475414,0.2311839215686275,0.6567541176470588,True,Healthy
Raspberry___healthy_image (313).JPG,409,0.3953603921568627,3.0357660829594124e-18,1325.352815300461,0.17972085305381472,0.5397323792700673,0.17972085305381472,0.11282549019607843,0.7951768627450979,True,Healthy
Raspberry___healthy_image (256).JPG,397,0.5034388235294115,-3.469446951953614e-18,1078.2285064025657,0.10790104679378808,0.5016558812040441,0.10790104679378808,0.11174627450980393,0.686496862745098,True,Healthy
Raspberry___healthy_image (169).JPG,617,0.4659360784313727,4.85722573273506e-17,1293.2541644460375,0.21473079813023338,0.5193068133425245,0.21473079813023338,0.11684588235294119,0.7758745098039216,True,Healthy
Raspberry___healthy_image (186).JPG,442,0.42812627450980373,-4.163336342344337e-17,1060.3449344821336,0.14030438264828923,0.4891142037185968,0.14030438264828923,0.05465764705882353,0.6746945098039216,True,Healthy
Raspberry___healthy_image (305).JPG,604,0.4289533333333331,-5.551115123125783e-17,1335.8759100542704,0.18676759832964512,0.5397261953316483,0.18676759832964512,0.09266705882352941,0.7551505882352941,True,Healthy
Raspberry___healthy_image (240).JPG,515,0.3799058823529411,5.551115123125783e-17,1442.1084439895646,0.1781777170568647,0.5660081222234987,0.1781777170568647,0.09934078431372549,0.8360521568627451,True,Healthy
Raspberry___healthy_image (87).JPG,787,0.21549764705882354,-6.938893903907228e-18,891.5794045396142,0.16598386943141083,0.436040647020527,0.16598386943141083,0.08773529411764706,0.7433858823529411,True,Healthy
Raspberry___healthy_image (68).JPG,448,0.44126705882352946,-1.734723475976807e-17,1076.637013329238,0.10849988181874491,0.5011248818550857,0.10849988181874491,0.10862039215686274,0.6892882352941176,True,Healthy
Raspberry___healthy_image (352).JPG,758,0.24491294117647058,-6.938893903907228e-18,968.5410761128638,0.14843038837094594,0.46308021723728554,0.14843038837094594,0.11204470588235294,0.7324317647058824,True,Healthy
Raspberry___healthy_image (217).JPG,272,0.44852196078431406,-3.469446951953614e-18,1211.3183094314131,0.13854606230246344,0.5259145481962316,0.13854606230246344,0.10330862745098039,0.7472698039215686,True,Healthy
Raspberry___healthy_image (260).JPG,644,0.36900588235294135,-6.938893903907228e-18,864.6656574473566,0.1337324787642746,0.4396008207912071,0.1337324787642746,0.07754549019607843,0.6699545098039216,True,Healthy
Raspberry___healthy_image (325).JPG,631,0.4053909803921571,-6.938893903907228e-18,1094.3759306858353,0.13309953851216344,0.4995060150505515,0.13309953851216344,0.11340588235294118,0.7234200000000001,True,Healthy
Raspberry___healthy_image (149).JPG,424,0.13534549019607853,-3.469446951953614e-18,1122.1535130795824,0.19447465824052745,0.485949935278799,0.19447465824052745,0.04738784313725491,0.7355427450980392,True,Healthy
Raspberry___healthy_image (237).JPG,250,0.4325898039215687,4.336808689942018e-18,1368.3212236449335,0.13477764132975073,0.5620884922640931,0.13477764132975073,0.12485803921568626,0.7707992156862745,True,Healthy
Raspberry___healthy_image (48).JPG,504,0.2773858823529411,2.6020852139652106e-17,1450.778680970206,0.19263714524423226,0.5631196401079963,0.19263714524423226,0.10859843137254901,0.8091745098039216,True,Healthy
Raspberry___healthy_image (221).JPG,711,0.3802270588235296,3.469446951953614e-18,1092.3485995980816,0.15533754477475925,0.492536509363511,0.15533754477475925,0.07504549019607842,0.7335556862745097,True,Healthy
Raspberry___healthy_image (364).JPG,502,0.3409650980392158,3.469446951953614e-17,1198.4240044319747,0.18760645462605174,0.507361987879136,0.18760645462605174,0.09138901960784314,0.7509611764705882,True,Healthy
Raspberry___healthy_image (108).JPG,401,0.2762996078431373,-2.0816681711721685e-17,877.8891529155243,0.15418699647051687,0.4365471505438113,0.15418699647051687,0.08682588235294117,0.7629937254901961,True,Healthy
Raspberry___healthy_image (276).JPG,369,0.28884588235294106,2.7755575615628914e-17,1196.0667006992128,0.1571428467094375,0.5170444533164829,0.1571428467094375,0.12008039215686274,0.7167007843137254,True,Healthy
Raspberry___healthy_image (333).JPG,367,0.3692941176470589,-3.903127820947816e-18,1313.3270789360245,0.15969057149449947,0.5432943131510416,0.15969057149449947,0.12121921568627451,0.7433333333333334,True,Healthy
Raspberry___healthy_image (299).JPG,412,0.36782235294117627,0.0,1777.6606146027643,0.17022402868004977,0.6364400868374693,0.17022402868004977,0.17440901960784314,0.8394231372549019,True,Healthy
Raspberry___healthy_image (348).JPG,483,0.29813333333333325,-3.469446951953614e-18,1230.336122999249,0.17241024011177392,0.5202609337660845,0.17241024011177392,0.11699921568627451,0.729030980392157,True,Healthy
Raspberry___healthy_image (124).JPG,694,0.3541513725490198,-1.3877787807814457e-17,1078.0189611513767,0.1881902530842514,0.47728741076899506,0.1881902530842514,0.05181450980392158,0.8215494117647059,True,Healthy
Raspberry___healthy_image (72).JPG,630,0.5678803921568627,-6.938893903907228e-18,974.3043832899868,0.13252493420190922,0.46944984327129285,0.13252493420190922,0.08204117647058824,0.6842043137254902,True,Healthy
Raspberry___healthy_image (173).JPG,432,0.43963019607843146,-1.3877787807814457e-17,1652.597926844489,0.16945350441904208,0.6122082870902267,0.16945350441904208,0.1313172549019608,0.8248905882352942,True,Healthy
Raspberry___healthy_image (6).JPG,495,0.46844156862745095,0.0,1220.0893643702068,0.18036270296593485,0.5151662342984069,0.18036270296593485,0.10271960784313726,0.7962858823529411,True,Healthy
Raspberry___healthy_image (25).JPG,595,0.25885725490196065,1.3877787807814457e-17,735.1289553525557,0.16902578952792754,0.3884861442057292,0.16902578952792754,0.05173058823529411,0.7159498039215687,True,Healthy
Raspberry___healthy_image (309).JPG,576,0.3788203921568627,-1.214306433183765e-17,1103.2450667901674,0.13174472347337265,0.5020212180223651,0.13174472347337265,0.10107568627450979,0.7094231372549019,True,Healthy
Raspberry___healthy_image (165).JPG,366,0.4359380392156861,-6.938893903907228e-18,1260.3078301642236,0.17553913693013837,0.5262364009842218,0.17553913693013837,0.06415254901960785,0.7901243137254902,True,Healthy
Raspberry___healthy_image (33).JPG,358,0.35132313725490183,2.0816681711721685e-17,1191.0143782824096,0.19233555048644177,0.503797741651348,0.19233555048644177,0.0904043137254902,0.7632168627450981,True,Healthy
Raspberry___healthy_image (132).JPG,427,0.315263137254902,6.938893903907228e-18,927.0893420439609,0.1313681755065415,0.45728201277190567,0.1313681755065415,0.11929882352941176,0.7245886274509804,True,Healthy
Raspberry___healthy_image (64).JPG,324,0.29785764705882334,-2.0816681711721685e-17,1436.8150658061759,0.1759352272594439,0.5655558185891544,0.1759352272594439,0.15005411764705884,0.8060784313725491,True,Healthy
